Workbook

Sheet Feuille 1
A1: Date | B1: Nb total pas | C1: Fréquence cardiaque au repos | D1: Symptômes | E1: Vélo | F1: Humeur | G1: Bon pour la santé ? | H1: Consistant ? | I1: depense | J1: depenses
A2: 44593 | B2: 8372 | C2: 68 | F2: Excellente | I2: 12.1 | J2: =IFERROR( VLOOKUP(A2,'Feuille 2'!$A$2:$B$21,2,),0) -> 12.1
A3: 44594 | B3: 4928 | C3: 67 | D3: Mal de tête | E3: Oui | F3: Mauvaise | G3: Non | I3: 5.45 | J3: =IFERROR( VLOOKUP(A3,'Feuille 2'!$A$2:$B$21,2,),0) -> 5.45
A4: 44595 | B4: 4941 | C4: 67 | D4: Fatigue | E4: Non | F4: Moyenne | I4: 2.01 | J4: =IFERROR( VLOOKUP(A4,'Feuille 2'!$A$2:$B$21,2,),0) -> 2.01
A5: 44596 | B5: 9783 | C5: 68 | F5: Bonne | I5: 12.5 | J5: =IFERROR( VLOOKUP(A5,'Feuille 2'!$A$2:$B$21,2,),0) -> 12.5
A6: 44597 | B6: 7994 | C6: 67 | F6: Bonne | J6: =IFERROR( VLOOKUP(A6,'Feuille 2'!$A$2:$B$21,2,),0) -> 0
A7: 44598 | B7: 7682 | C7: 67 | F7: Booonne | J7: =IFERROR( VLOOKUP(A7,'Feuille 2'!$A$2:$B$21,2,),0) -> 0
A8: 44599 | B8: 7881 | C8: 68 | F8: Excellente | I8: 7.44 | J8: =IFERROR( VLOOKUP(A8,'Feuille 2'!$A$2:$B$21,2,),0) -> 7.44
A9: 44600 | B9: 2563 | C9: 68 | D9: Mal de tête | F9: Horrible | G9: Non | I9: 13.34 | J9: =IFERROR( VLOOKUP(A9,'Feuille 2'!$A$2:$B$21,2,),0) -> 13.34
A10: 44601 | B10: 10337 | C10: 68 | D10: Nausée | F10: Excellente | I10: 7.18 | J10: =IFERROR( VLOOKUP(A10,'Feuille 2'!$A$2:$B$21,2,),0) -> 7.18
A11: 44602 | B11: 9968 | C11: 68 | F11: Excellente | J11: =IFERROR( VLOOKUP(A11,'Feuille 2'!$A$2:$B$21,2,),0) -> 0
A12: 44603 | B12: 2068 | C12: 67 | F12: Bonne | I12: 12.8 | J12: =IFERROR( VLOOKUP(A12,'Feuille 2'!$A$2:$B$21,2,),0) -> 12.8
A13: 44604 | B13: 3982 | C13: 68 | F13: Bonne | I13: 10.37 | J13: =IFERROR( VLOOKUP(A13,'Feuille 2'!$A$2:$B$21,2,),0) -> 10.37
A14: 44605 | B14: 4084 | C14: 67 | F14: Bonne | J14: =IFERROR( VLOOKUP(A14,'Feuille 2'!$A$2:$B$21,2,),0) -> 0
A15: 44606 | B15: 2397 | C15: 67 | E15: Oui | F15: Mauvaise | G15: Non | I15: 11 | J15: =IFERROR( VLOOKUP(A15,'Feuille 2'!$A$2:$B$21,2,),0) -> 11
A16: 44607 | B16: 7468 | C16: 67 | E16: Oui | F16: Excellente | I16: 8.4 | J16: =IFERROR( VLOOKUP(A16,'Feuille 2'!$A$2:$B$21,2,),0) -> 8.4
A17: 44608 | B17: 7803 | C17: 67 | E17: Oui | F17: Excellente | I17: 10.2 | J17: =IFERROR( VLOOKUP(A17,'Feuille 2'!$A$2:$B$21,2,),0) -> 10.2
A18: 44609 | B18: 1484 | C18: 68 | F18: Bonne | I18: 9.8 | J18: =IFERROR( VLOOKUP(A18,'Feuille 2'!$A$2:$B$21,2,),0) -> 9.8
A19: 44610 | B19: 3102 | C19: 67 | D19: Fatigue | F19: Mauvaise | H19: Non | I19: 10.7 | J19: =IFERROR( VLOOKUP(A19,'Feuille 2'!$A$2:$B$21,2,),0) -> 10.7
A20: 44611 | B20: 3673 | C20: 67 | D20: Fatigue | F20: Mauvaise | H20: Non | I20: 8.3 | J20: =IFERROR( VLOOKUP(A20,'Feuille 2'!$A$2:$B$21,2,),0) -> 8.3
A21: 44612 | B21: 7443 | C21: 68 | F21: Excellente | J21: =IFERROR( VLOOKUP(A21,'Feuille 2'!$A$2:$B$21,2,),0) -> 0
A22: 44613 | B22: 3848 | C22: 68 | F22: Excellente | I22: 5 | J22: =IFERROR( VLOOKUP(A22,'Feuille 2'!$A$2:$B$21,2,),0) -> 5
A23: 44614 | B23: 5039 | C23: 68 | F23: Excellente | J23: =IFERROR( VLOOKUP(A23,'Feuille 2'!$A$2:$B$21,2,),0) -> 0
A24: 44615 | B24: 8666 | C24: 68 | F24: Excellente | I24: 11.3 | J24: =IFERROR( VLOOKUP(A24,'Feuille 2'!$A$2:$B$21,2,),0) -> 11.3
A25: 44616 | B25: 7449 | C25: 67 | E25: Oui | F25: Bonne | I25: 7.73 | J25: =IFERROR( VLOOKUP(A25,'Feuille 2'!$A$2:$B$21,2,),0) -> 7.73
A26: 44617 | B26: 6033 | C26: 67 | F26: Bonne | J26: =IFERROR( VLOOKUP(A26,'Feuille 2'!$A$2:$B$21,2,),0) -> 0
A27: 44618 | B27: 10135 | C27: 68 | D27: Nausée | F27: Excellente | I27: 13.72 | J27: =IFERROR( VLOOKUP(A27,'Feuille 2'!$A$2:$B$21,2,),0) -> 13.72
A28: 44619 | B28: 8109 | C28: 67 | E28: Oui | F28: Excellente | J28: =IFERROR( VLOOKUP(A28,'Feuille 2'!$A$2:$B$21,2,),0) -> 0
A29: 44620 | B29: 6839 | C29: 67 | F29: Excellente | I29: 8.99 | J29: =IFERROR( VLOOKUP(A29,'Feuille 2'!$A$2:$B$21,2,),0) -> 8.99

Sheet Feuille 2
A1: Date | B1: SUM de Débit
A2: 44593 | B2: 12.1
A3: 44594 | B3: 5.45
A4: 44595 | B4: 2.01
A5: 44596 | B5: 12.5
A6: 44599 | B6: 7.44
A7: 44600 | B7: 13.34
A8: 44601 | B8: 7.18
A9: 44603 | B9: 12.8
A10: 44604 | B10: 10.37
A11: 44606 | B11: 11
A12: 44607 | B12: 8.4
A13: 44608 | B13: 10.2
... A21: 44620 | B21: 8.99
